<?xml version="1.0" encoding="UTF-8"?>
<metadata xml:lang="en"><Esri><CreaDate>20240703</CreaDate><CreaTime>13544500</CreaTime><ArcGISFormat>1.0</ArcGISFormat><ArcGISstyle>XTools Pro Metadata</ArcGISstyle><SyncOnce>TRUE</SyncOnce><DataProperties><lineage><Process ToolSource="c:\program files (x86)\arcgis\desktop10.5\ArcToolbox\Toolboxes\Data Management Tools.tbx\CalculateField" Date="20240703" Time="135445">CalculateField Rain_Water_Network PIPEDIAMET [Diameter] VB #</Process><Process ToolSource="c:\program files (x86)\arcgis\desktop10.5\ArcToolbox\Toolboxes\Data Management Tools.tbx\CalculateField" Date="20240703" Time="141125">CalculateField Rain_Water_Network Diamter_mm [PIPEDIAMET] VB #</Process></lineage></DataProperties></Esri></metadata>
